{
  "pagode": 0.06375,
  "sertanejo": 0.05541666666666667,
  "forro": 0.049166666666666664,
  "r-n-b": 0.03958333333333333,
  "mpb": 0.035,
  "metal": 0.034583333333333334,
  "k-pop": 0.03375,
  "anime": 0.02875,
  "hard-rock": 0.02666666666666667,
  "emo": 0.02625,
  "grunge": 0.025416666666666667,
  "punk": 0.025,
  "world-music": 0.024166666666666666,
  "alt-rock": 0.022083333333333333,
  "brazil": 0.020833333333333332,
  "piano": 0.01875,
  "british": 0.01875,
  "mandopop": 0.018333333333333333,
  "psych-rock": 0.017916666666666668,
  "metalcore": 0.0175,
  "electro": 0.01625,
  "turkish": 0.015,
  "death-metal": 0.015,
  "rock": 0.014583333333333334,
  "ambient": 0.014166666666666666,
  "trip-hop": 0.01375,
  "new-age": 0.013333333333333334,
  "cantopop": 0.011666666666666667,
  "punk-rock": 0.011666666666666667,
  "alternative": 0.011666666666666667,
  "samba": 0.010416666666666666,
  "club": 0.01,
  "gospel": 0.009583333333333333,
  "disco": 0.009583333333333333,
  "garage": 0.009166666666666667,
  "swedish": 0.009166666666666667,
  "breakbeat": 0.008333333333333333,
  "ska": 0.008333333333333333,
  "industrial": 0.008333333333333333,
  "synth-pop": 0.007916666666666667,
  "indie": 0.0075,
  "minimal-techno": 0.007083333333333333,
  "hip-hop": 0.006666666666666667,
  "soul": 0.006666666666666667,
  "songwriter": 0.006666666666666667,
  "electronic": 0.006666666666666667,
  "j-pop": 0.006666666666666667,
  "funk": 0.00625,
  "groove": 0.00625,
  "children": 0.00625,
  "pop-film": 0.005416666666666667,
  "pop": 0.005,
  "chill": 0.005,
  "dance": 0.005,
  "hardcore": 0.005,
  "show-tunes": 0.005,
  "sleep": 0.005,
  "country": 0.005,
  "sad": 0.005,
  "indie-pop": 0.004583333333333333,
  "singer-songwriter": 0.004583333333333333,
  "guitar": 0.004583333333333333,
  "techno": 0.004166666666666667,
  "house": 0.004166666666666667,
  "rock-n-roll": 0.00375,
  "black-metal": 0.0033333333333333335,
  "afrobeat": 0.0033333333333333335,
  "dubstep": 0.0033333333333333335,
  "latino": 0.0025,
  "folk": 0.0020833333333333333,
  "goth": 0.0020833333333333333,
  "classical": 0.0020833333333333333,
  "edm": 0.0020833333333333333,
  "dub": 0.0016666666666666668,
  "indian": 0.0016666666666666668,
  "reggaeton": 0.00125,
  "trance": 0.00125,
  "blues": 0.00125,
  "rockabilly": 0.00125,
  "reggae": 0.0008333333333333334,
  "j-rock": 0.0008333333333333334,
  "french": 0.0008333333333333334,
  "latin": 0.0004166666666666667,
  "german": 0.0004166666666666667
}